https://github.com/soldair/node-floody/	12
https://github.com/substack/static-eval/	4
https://github.com/maxogden/concat-stream/	11
https://github.com/jarofghosts/glance/	19
https://github.com/fagbokforlaget/pdfinfojs/	12
https://github.com/kevinohara80/nforce/	140
https://github.com/expressjs/serve-static/	5
https://github.com/3rd-Eden/useragent/	59
https://github.com/hokaccha/node-jwt-simple/	8
https://github.com/vivaxy/here/	459
https://github.com/expressjs/method-override/	8
https://github.com/jshttp/forwarded/	5
https://github.com/pillarjs/send/	39
https://github.com/jshttp/fresh/	10
https://github.com/henrytseng/hostr/	38
https://github.com/macacajs/macaca-chromedriver/	40
https://github.com/mediaelement/mediaelement/	4779
https://github.com/leizongmin/js-xss/	190
https://github.com/mde/ejs/	32
https://github.com/indutny/node-ip/	26
https://github.com/hapijs/boom/	13
https://github.com/hapijs/crumb/	12
https://github.com/isaacs/st/	45
https://github.com/soyuka/pidusage/	22
https://github.com/hapijs/bassmaster/	23
https://github.com/linkedin/dustjs/	2040
https://github.com/restify/node-restify/	449
https://github.com/cisco/node-jose/	658
https://github.com/jshttp/negotiator/	68
https://github.com/hapijs/hapi/	289
https://github.com/hapijs/nes/	191
https://github.com/mqttjs/MQTT.js/	138
https://github.com/firebase/superstatic/	177
https://github.com/mysqljs/mysql/	371
https://github.com/jquery/jquery/	2804
https://github.com/juliangruber/brace-expansion/	13
https://github.com/tobli/alto-saxophone/	4
https://github.com/jonschlinkert/randomatic/	11
https://github.com/zeit/ms/	5
https://github.com/groupon/selenium-download/	50
https://github.com/cure53/DOMPurify/	228
https://github.com/gentooboontoo/js-quantities/	3730
https://github.com/tschaub/grunt-gh-pages/	73
https://github.com/koajs/static-cache/	12
https://github.com/socketio/engine.io-client/	403
https://github.com/Financial-Times/polyfill-service/	1470
https://github.com/balderdashy/sails/	762